{"cameraMode":{"drawMode":0,"name":"Shaded","section":"Shading Mode"},"sceneLighting":true,"audioPlay":false,"sceneViewState":{"showFog":true,"showMaterialUpdate":false,"showSkybox":true,"showFlares":true,"showImageEffects":true,"showParticleSystems":true},"in2DMode":false,"pivot":{"x":14.278581619262696,"y":-8.635590553283692,"z":6.622591018676758},"rotation":{"x":-0.15028615295886994,"y":-0.3163081407546997,"z":0.05082353204488754,"w":-0.9353713989257813},"size":20.002466201782228,"orthographic":false}